{"last_chunk_done": 114, "ok_items": 300, "bad_chunks": 39, "total_ollama_time": 1136.8550329208374, "ema_s_per_chunk": 0.6684284347334953}